parameter,n_eff,Rhat,mean,se_mean,sd,typeS_2.5_pos,typeS_2.5_neg,typeS_5_pos,typeS_5_neg,typeS_10_pos,typeS_10_neg,typeS_25_pos,typeS_25_neg,2.5%,97.5%,5%,95%,10%,90%,25%,75%,20%,80%,40%,60%,50%,seqvar_num,seqvar_id,best,blast_genus,param_lab
beta[3],5465.412691610502,0.9992277950598585,0.2322839836745447,0.0024829114286427723,0.18355774256214122,FALSE,FALSE,FALSE,FALSE,TRUE,FALSE,TRUE,FALSE,-0.1340583533366087,0.5988743291315691,-0.06555148674329266,0.5295601705517199,0.008888585813000982,0.46165265409984496,0.11641681003858745,0.35189930934480046,0.08628363513417098,0.38263296138294833,0.18807363453856937,0.2776609634177212,0.23055956298214733,3,f011d78941f0c011aca75252ef604d17,Staphylococcus aureus subsp. aureus IS-189,Staphylococcus,"beta[3]
f011d78941f0c011aca75252ef604d17"
beta[2],2903.600217305193,1.0004794459376352,-0.6811035968929438,0.01243805922770937,0.670225628487567,FALSE,FALSE,FALSE,FALSE,FALSE,FALSE,FALSE,TRUE,-2.196698401857709,0.32898412653239684,-1.9293166713609662,0.21613050410262727,-1.5889388097100738,0.0894962636738468,-1.0760483625341435,-0.1863044280890089,-1.2245245541897367,-0.10422782647098834,-0.7556352871301057,-0.4147584870822555,-0.5818013118512864,2,adcde8c78396022660fd6204471c65c8,Staphylococcus aureus M1253,Staphylococcus,"beta[2]
adcde8c78396022660fd6204471c65c8"
beta[1],2877.4083420077236,0.9999000664238787,-0.6843945819029497,0.01280844000149016,0.687063674042332,FALSE,FALSE,FALSE,FALSE,FALSE,FALSE,FALSE,TRUE,-2.2779828790043704,0.35917380891000045,-1.9640038865882787,0.2393996072345843,-1.6315616764230576,0.10731963894350953,-1.095935827513674,-0.1622333814094501,-1.2374131357378042,-0.07614845402265714,-0.7684829328683243,-0.4148053811241367,-0.5893922788145407,1,00329c76ea5751cfddfc03f7735565c2,Staphylococcus aureus subsp. aureus IS-189,Staphylococcus,"beta[1]
00329c76ea5751cfddfc03f7735565c2"
