parameter,n_eff,Rhat,mean,se_mean,sd,typeS_2.5_pos,typeS_2.5_neg,typeS_5_pos,typeS_5_neg,typeS_10_pos,typeS_10_neg,typeS_25_pos,typeS_25_neg,2.5%,97.5%,5%,95%,10%,90%,25%,75%,20%,80%,40%,60%,50%,seqvar_num,seqvar_id,best,blast_genus,param_lab
beta[3],3503.6184782627415,1.0010283055510847,-0.25247633519501733,0.009260231303979329,0.5481257927143426,FALSE,FALSE,FALSE,FALSE,FALSE,FALSE,FALSE,FALSE,-1.5334017391810275,0.6359781500277912,-1.2874012338417613,0.5049482688513861,-0.9648241658005635,0.3583148867108799,-0.5589443104741836,0.1292973992362072,-0.6522362734056046,0.19044782594118215,-0.31088157820611284,-0.06132540385254165,-0.17522700888336215,3,f011d78941f0c011aca75252ef604d17,Staphylococcus aureus subsp. aureus IS-189,Staphylococcus,"beta[3]
f011d78941f0c011aca75252ef604d17"
beta[2],4854.328985130109,0.999651380770611,-0.21274249039446583,0.012233380386809049,0.852336492200668,FALSE,FALSE,FALSE,FALSE,FALSE,FALSE,FALSE,FALSE,-1.9654923640953879,1.428512057804586,-1.6408941349182462,1.1481886425739667,-1.2953249022973066,0.8488743976048279,-0.775893656946164,0.3794992301002428,-0.9092888972411449,0.5096191976050416,-0.4185246534949505,0.03289539886725165,-0.19483923195907904,2,adcde8c78396022660fd6204471c65c8,Staphylococcus aureus M1253,Staphylococcus,"beta[2]
adcde8c78396022660fd6204471c65c8"
beta[1],4665.79915046259,0.9996918961107881,-0.09880764637547261,0.013539761689534382,0.9248558337970781,FALSE,FALSE,FALSE,FALSE,FALSE,FALSE,FALSE,FALSE,-1.8681858862039928,1.6896406911980972,-1.6186447951485712,1.4039415411028495,-1.3102940245062091,1.0651126721443112,-0.7342836546092381,0.5521652306292425,-0.8903207049279858,0.697041057699941,-0.34484319867169744,0.15011782752885017,-0.08919255844052412,1,00329c76ea5751cfddfc03f7735565c2,Staphylococcus aureus subsp. aureus IS-189,Staphylococcus,"beta[1]
00329c76ea5751cfddfc03f7735565c2"
